1,2,3,4,target
-0.43797927041495355,-0.7155401398586997,-0.26000642656608935,-0.06743561766971838,1.0417294126312204
1.4595467847607562,-0.3111689311983641,-1.9998175982061823,0.5646315426327191,-30.52801134641453
-0.6993826756118579,0.007806996846495716,-0.32316122225055405,-0.4072584253988181,-4.414956260860174
-1.901027589532888,1.5242633640252816,0.056144099323133134,0.7894837668814927,-3.812413172308808
-0.6957042016853597,-0.874802590049815,-0.618213832868976,-1.104255185724591,-5.525591627094155
0.8727449565102574,0.37242727163702327,0.9349444200296181,0.23157619112580866,16.705019566449067
-0.5836134368941418,-1.395183979035229,-0.7836325156498753,-1.3029248488091105,5.25425891685649
1.2312856526100173,-0.7640938336520546,0.6786799825255487,-0.48280467134161525,-10.291886242767017
-0.03163157760505783,0.9154305757348239,-0.24480724177195826,2.13352882456609,-7.737709536481079
-1.692235381780172,1.7767679408911563,0.12340521804809972,0.09773423110529197,-4.093350179195919
-0.4150059460952165,-0.4980644186454821,-0.7487664194458159,0.9102913227144779,-12.380274634454523
-0.5886435463149727,-0.32207968401567716,-0.21032359196000547,-0.4554597818965996,2.0681427383511553
1.5700451100993356,0.7365077453903134,0.4046131277020428,1.0480804432491888,8.06090193349997
2.378457401139815,0.024994948245206785,-0.15249923222599804,-1.090458533912989,-7.806240335992635
1.20267679851536,-0.36262577782949773,1.9686908005489334,1.4898838386882265,-4.329345295887276
0.9683578169165984,-0.16256401778076837,0.46933689328511236,-0.297986163250097,9.380398127485764
-0.9237490659638563,-1.4870460509011796,0.48489772099646683,-1.2022715155909973,-7.26428627109098
1.1892148246116265,-0.04434414780060539,-1.0349715707513054,-1.9004341523985235,-1.6680623622436999
-0.6046157051991843,-0.21596031804892754,0.03912146997026392,1.7357790608714172,1.1333980299851754
0.1300631859193695,-0.4109476728880457,-0.9222804784982971,1.304693998432817,2.727923574989167
0.21812641063615726,-1.3821618961646152,0.38248033746934834,1.0221235088840612,-3.3348781735918993
-0.1929398175525873,0.48235407215073467,-0.11924799652231902,0.3251081427644503,10.561397793572736
-1.3097401684391468,2.1545017555542025,-1.2048803840827222,-2.5894413019917137,-19.53465372881653
0.29704743754570867,-0.31400600139841467,1.7144068983399974,1.7079911981500888,17.753345530002473
-0.982300892974549,-0.11012067753964003,0.32601705671750514,-0.6766173344001272,8.01476285221959
-0.622086173265222,0.5538839488210581,-0.7390937302910653,-0.18460319370167752,-16.97090996353721
-0.6350486013560938,-1.0421168984059945,1.536246190506342,-0.8068429990490039,12.176312366054
-0.8006810871089569,1.7317163495600711,1.0070046739997982,-0.29400593410715137,7.077790021881386
-1.4056959196766061,0.07236656793932277,0.2819163233991678,0.09202698542469326,-10.037564676780075
0.08184657056586096,-0.7033419276735264,-0.5390273740594864,1.4507363043253643,-14.575644655984739
-0.5971126178375821,0.8692856291303318,-0.6254050140296115,-0.6010126624415119,-11.25818925264365
0.22617811214467076,0.7001117383406532,-0.0559056278183225,0.05303377244048374,2.601773489894039
0.06805155060298537,-0.6176304262423026,-0.7635019970371794,-0.9447934117531711,15.505858419968789
-0.11813031131297369,-0.9048703678160124,0.40978896097418327,0.14581688589550532,23.32960523652057
-1.6328036848534553,-0.4278973789007132,-1.0043214634155782,0.020251676001328503,-11.141571501911168
-0.5722643456996735,0.9471863561662145,0.7271389127705027,-0.9670674067874846,4.641457628034925
1.6631869675747528,-0.8690900697633138,0.12043537015112264,1.9035624829563242,0.5377117591392052
-0.6609226174013988,1.3108424231161255,-0.7335503130449728,-0.10674830120234116,-1.4632105303337308
-0.6754697742904858,-0.7929723054632354,0.8599024711048192,-0.4698236594821285,7.472279403486425
-1.7822255126303994,0.9200464965186856,-0.4673485803307347,1.2950374510688447,7.18677326811313
1.8115154649495882,-0.29343454953095094,-0.4978109787796619,-0.7785391542185681,2.1475670707629133
0.2176935868090099,-0.9149106607622677,1.4084347936310055,-0.30237469728950384,31.355082865018744
-0.4146331475153008,1.5847743092720807,-0.22171200163440208,-0.2261914596631971,21.505373003502257
-0.3096505240089699,-1.9413984845543253,0.24668347483869102,0.39257178677919574,-0.7424793234900173
1.3268466628704816,-1.1661936499208854,-1.0071380461998372,0.05354218212430116,-2.3039988090929757
0.5288995745949587,1.0168439271240515,0.4030099122557362,0.39732459278738175,-1.2479997218049106
-0.4298780289035744,0.03951648903398345,1.6150647673119018,0.09777007879834762,36.290767623870266
-0.054111762839311184,-0.4251167669265014,0.028487951912221393,-1.238424693022166,13.08785122747307
-0.0875342712981091,0.6532627375284644,0.5990626963683044,0.7904553489951942,11.395848105759152
0.3411347426826695,1.476269228764847,0.3431389707898242,-0.419657714559486,-0.3606273877782975
1.5108159090502258,0.08583826359954431,0.16642000600218548,0.04709241450686566,18.901716129269968
0.855797430101836,1.449652575574917,0.23294539494557992,1.435709728443578,12.653442522445172
-1.0967473974508521,-0.3370043031237952,0.025055872235706114,0.3787201694595515,18.119733789608894
-1.7634295978354417,-0.40409205366860734,0.6763540685007428,-0.2002215248041256,10.646733510023438
-0.05974213341604952,0.8718022167471257,-1.2718767978923389,0.24435751299925118,-3.7041796219030845
0.830826413547818,-1.524526086650313,0.8596961460882451,1.579401395335564,21.410372315609358
0.2860926873051123,0.5591798123819025,0.7227217478692457,1.5936914429460478,9.402376456665642
0.23271939834067049,-0.32212467460757227,0.43128775408672415,-0.298434133326616,-15.882259557875454
0.9026114846700345,-0.44573830135588266,0.4963931903538133,-0.9884645508249605,-6.543991525217778
2.786362937883843,0.37485452212740283,1.120433546682886,0.288708082720672,0.894344416627483
-0.11110762455055873,-0.8946923160378458,-0.565764681830689,1.0107613054245013,-14.43649983043695
-0.41417262011247585,-1.3838448746034802,1.66610447475512,-0.2951766972721699,12.234672466398878
-0.30139630503602793,-0.6419574832519399,-0.5093211688839233,0.16666994501794943,-11.131615966404922
0.02406534317350539,-0.12801712811771404,0.4939945799253549,0.13663130668647827,-2.537810586684575
1.0713432740025257,0.8077349795140745,0.15239255313088748,0.8408379115326641,17.963978151273686
-1.160870408556235,1.3340044848109092,-1.9230817408451442,1.5060107275550279,-26.15584825357815
1.6713704443635338,0.61547243004576,-0.19651097292427,-1.3761188714161818,-10.420557510971115
0.07403385097641278,-0.38039465968345965,2.7840606854393535,-1.578015868238159,8.394599579870068
-0.8908481842266802,0.031735121365624855,-1.5190104260035766,-0.8129391217128724,-19.403412891904054
-1.0481520914361033,0.6446437154072143,0.24927902540004535,0.34781611031997495,10.907166588506115
0.15256834351135684,0.5350051300871794,-0.3652541197968378,-0.1721569507764979,-18.638292961966183
0.10386464209342262,1.4213062815993789,0.8646650794383199,0.5040528746816479,9.607474321003941
-0.1992043676299403,-1.1080971451950905,-1.2527748166076722,-0.2727924371792186,-20.99273743769036
0.10176897167337084,-1.1963543319926748,0.40720414239113156,0.8059878313358233,19.412330323381706
-0.7653580980208463,-1.9792753902357576,0.818359205719056,-1.0589360531407541,-10.196371662178397
-0.30739632864340294,0.10200666013003948,-0.18907173819421713,0.607712618133876,2.65643454631161
-0.5044571789537724,0.25746213457218103,-0.8990394270845665,2.315929272970688,-19.49300289011944
-1.1256677670541857,0.6516807272378957,-0.4974783670020031,-0.18022526433193223,-1.7596074649426217
1.7448922846885018,0.07323755797595831,-0.04016758499028027,-0.2419294206069375,-10.831654012205178
-1.3290098120366947,1.3649527463954727,-0.016767609471786987,-0.18717802966866887,2.034040900462622
0.11626580115750894,-1.3985873925195778,0.10558098547272096,1.0553210394836732,16.469770080322455
-0.9671450137006485,0.35679989254971367,-0.8622698318751183,0.9727286339369087,4.564072882772251
-0.5277654746096747,0.17560456233748076,0.5043595373393509,0.26001180825547504,-5.7983062282790305
-2.723989252970176,-0.8796200919517865,0.43549390875192845,1.8100385406800583,4.1848604391759725
-0.5452687977582582,0.2657212268703346,1.5239077508545749,-0.16880748167905674,19.803948620377767
0.8436497933212386,-0.05681167786224715,0.04534602572108063,-0.8435616541943953,6.618878117756301
2.3046993316215185,-0.8424554962033501,1.1101260092213663,-0.9515708984825932,22.81984094509029
-0.4894049379204283,-1.0775405425783353,0.8567824490973088,-0.13379339546521463,6.701333668483689
-0.7768145755969472,-2.128264473641046,-1.3362370875647986,-0.45858552147673926,-4.765181168218657
0.8261476274278989,0.715260206266779,-0.23732703894534438,-0.4220212772874792,5.6302148823873885
1.905627052726647,1.0714333295852283,-0.1913703314763353,2.4425095300526034,2.943624834503808
1.3244813731826945,-1.1201578286970089,0.40367724082001855,0.450961533854341,-10.366733853910835
-0.3129694127844728,0.8238007773016692,0.5368301101605057,-0.19038887692758033,10.54694712035864
0.23715351617704816,-1.2295061047035674,-1.4669881893084362,-1.80284696444333,-17.35919337664974
-1.2778587403746196,0.42173365608078334,0.22145950180301957,0.4251544281432106,2.3492642833271447
-0.6098635398884735,0.25824290366615604,-0.4609309979857539,0.7947560415775677,-4.23061967323975
-0.039527985014908985,-1.439573354276039,-2.0158585590941547,0.28146609766266745,-20.318143944444905
0.865369734493743,-0.06952278962797948,2.129938192558626,0.18345762931999865,10.431298722166286
-0.17540277532817586,0.02578377007672698,0.3024011817593906,-0.0934031439431919,25.082275160733328
-0.3917707497518866,-1.1833099663684212,0.7783363528841001,1.4436223000412924,8.799435613201258
0.525857879306569,-0.1788113227532924,-1.1061877532658877,-0.979074407266541,-0.7869000235957984
-1.417560085352161,-0.5880905334921956,-0.21169272786895876,-1.614053001947519,-2.3451777180925353
-1.0496295696310052,0.4930711895768051,-1.323242377689932,-0.05495987886592751,-11.997327589306432
-0.7456910214444197,-0.8131444421883134,1.2189693033055313,-1.6894512071183103,-14.817520191028029
0.15386947693729613,0.21466087531333192,-0.9631186586425032,0.10945951384658843,-10.502830366661744
-1.492617729239219,0.583597500755191,0.7612990557798971,1.6892814042980016,7.865579730098329
-0.19084423506009032,0.4834195898315374,-1.309341601158193,0.3723813108364266,-32.067193049345214
0.10638652729013254,-0.21532178712791067,-0.37664379911842144,-0.29671469864284095,7.36925188586042
-0.7224160969741925,0.523455287243572,0.4981286878907432,0.3541777425982301,0.878417683400396
-0.7970035252311004,-0.04895353313246465,0.5664719918485693,-0.6867685110366408,9.604577975678092
-1.114313548074709,0.7130122402056889,-1.065974023863781,-0.4041043004758702,-19.088190090586814
0.19656617624624256,-0.10095763826711553,1.068406621778648,0.5952409538780732,21.480089354728445
0.9374083202441744,-0.5743967593305004,0.5986820768544596,-0.3966263819510388,-0.8812748422034007
0.8801907096939109,-2.318031513144915,-1.2403889749354244,1.5564068708673058,-16.228057521567433
0.6693834568829768,-0.7854081043246576,1.378358422314034,0.30100679070088976,17.278979320858802
-0.6923324571796371,-0.9942867562946492,0.6679515241981654,0.8197517922858593,-2.713338609806767
0.644133380779694,0.44287039140104345,-0.21359717356637004,1.300218439251705,2.549814386640317
-0.6898874645338641,-1.2186345813480286,-0.6247765301706089,0.7711016290452465,-12.96156049182881
0.870205507520421,0.3976216247321859,-0.6849629648021357,1.2732812731071665,-17.377547455047814
-0.23119242406644566,0.44395470273431537,-0.38160469169731664,0.3908095959270433,-5.764042163620112
-0.45181170003665655,-0.1319425153818039,-0.8174296191739826,0.4448547819583917,-8.566227765338054
0.7328554693996898,-0.7990291543183067,-1.9295239911715487,-1.2708156534729114,-19.74829851546086
-2.679964079368824,0.4509912095460684,-0.6987978434097821,-0.40639716020192257,-12.20125584501717
0.9277116591419847,-1.2243585877931535,-0.7622258217275586,0.5819731581054295,-20.415111958833617
1.036437079462679,-0.3419326255950637,1.0671656761144794,-0.7565920444015267,7.985406398494198
2.4454842733827817,-0.7417436709947866,0.6964495649184557,0.5670692424330211,18.87534499171765
0.09457996222001183,0.39101311987914206,-0.7731788985886678,0.38655599292124604,0.46559843825931235
-2.720923366643687,-0.2376305388791448,0.9269351422479866,-0.8303721771776322,-16.719946018185723
0.49009017375616176,-0.10536693649148539,0.29685828499865563,-0.9179299109562358,0.7174996033116354
2.3010451544886332,-1.776622331180269,0.14389216699940566,-0.425088068742688,6.98555482158719
-1.5368383471661244,0.7325163269197121,0.2712557478050242,0.657008650350534,-8.21219016805513
-1.2034930120131435,0.21212594479942617,0.13310612431157834,-0.8270742408898828,-5.16519985692986
-1.273927466625829,0.5154905613982794,-0.24590024837767785,1.1210444638591666,-11.577460691373933
1.175181031069596,-0.915435228416624,1.1305493004905647,-0.11271672562943282,9.333909253413553
-0.2950206646452074,-1.0247207637624696,-0.5016475014622132,-1.05180014561829,12.986952317054456
0.37864205693165903,-0.37980577003119015,-0.25997786038571,-0.94198110760699,-2.0059596488433225
-2.013603006240403,-1.1418763051352017,-1.1019615823878126,0.09421306759518508,-11.262740726891655
0.045154825839951326,-0.08168197221012308,-1.0105359492786856,1.470162384565199,-5.643006911648653
0.2022034604613803,-0.11314930974442337,0.2475199549908733,-0.4673004614162606,8.806855782723588
-3.922715508437929,-0.7882332972740306,0.8307004982081535,-1.288662397815971,13.906974229314805
0.09403281212881451,0.8600720278767297,-0.9897143238051462,1.7519306466084195,-4.754459518714936
-0.37203650414876466,0.14000193549512335,2.3237415214743824,0.07060360082108594,24.820108740244777
1.0996439752409404,0.6287152654572875,-1.3425890124595983,0.08489683760352927,-20.367607178829065
-0.7624714390602422,-0.5877833561586056,-0.38488685617280477,-0.9176638686053706,8.057860831082143
-1.0979231930361606,1.3928124933193122,0.8483244962350821,-1.359863985211497,12.876296724636475
0.09636432455671542,-0.7844669542116234,-1.1563549671436,0.3879245128007845,-12.881245192553667
1.7546730883616724,-0.3387908292735326,0.47922168976330853,0.7958052506852188,14.662410418165102
-0.11053643855973665,-0.5531319198727128,-1.2542881573436462,1.3846316839349668,-12.746877439205175
-1.1076963416378394,-1.6857964674667747,0.7407313192642413,0.15250793486884087,-13.070818769478315
-0.3608091855002799,-0.7357005590552034,-0.8174841133820541,-0.9129101639693853,26.07924212180297
-1.0416563380507777,0.23170558273373626,-0.057825265551072876,2.1826037602021966,-2.3580588924815267
0.925831548734055,-0.21934961607131592,0.023180703586427806,0.9163588691650242,15.443964104034006
-0.3533752809717951,-0.7871960646824517,1.1965396769041656,-0.912852856766576,22.004171619235315
-0.10584962289619573,-0.5713283551940569,0.6728884817353374,1.4275337977202622,13.648915646201928
0.1570908134935082,-0.6341634142875424,-1.3753052530452345,-1.2488418023006616,-9.867160144270807
0.3678162394812789,0.022256266479439773,0.22505046670223805,-0.8330380285753104,15.403886284259038
-0.5455031199793123,2.4592709827975185,0.5876298532093758,-0.002984396514478757,18.583073495590554
0.9878720647659721,-0.47817113014397267,-0.9718333433426323,-0.012356148135364148,8.99025982511221
-1.6160097264882725,0.9028327800815951,-0.21130032213366814,-0.42779821046262195,0.5082353151998225
1.6476716695652904,-0.07846729909383385,-0.560401590750297,-0.015659270209686032,0.5372573029168617
-1.4320621801715503,-2.364795065645877,-1.5076117653070664,-0.8283495016998969,-18.27948197236321
2.053235924797352,-1.7041877237517844,-0.0241619305703226,-1.8437234101080273,-15.459614519393606
-0.9663418645562576,-1.042902371886525,0.14004683930037973,-0.4091300180523029,-0.5675580358635837
-1.118727356180698,0.5171387863189476,1.445833176028229,-0.4338202486260534,-5.600314578413023
-0.13892267397776945,0.5572486093932131,0.30726787229738795,-0.0508293218672975,-2.4801038528212676
-0.47777643242204165,0.7529503839051706,-0.5059567953475131,-1.115622087315737,1.3501899262430177
-0.8193649489299705,2.3399512212027824,-0.5281234563441646,-0.3506241981992891,-29.779520573674382
1.0889907635404514,0.5080999434231293,-0.8807304734444186,0.6900536834768267,0.8598469648465112
-1.876418068332404,-1.3030082743452875,-0.8142087074696853,1.6279362880643917,-6.73627597793453
1.6019678750798085,-0.25712651243911666,-0.05664885733596986,-0.5087783845990479,-8.774293041637875
1.8974839060043727,-0.6172683229698238,0.051922832855373614,-1.1455023257704007,8.695066206026615
0.6179982857036387,0.46493507907171233,0.7825484875302247,0.09008818567621518,-6.888408131439725
-0.8728959875874027,-0.9563201403685655,-1.2886763285071037,-0.8616690124109411,-14.29011951822993
-1.0392056907533849,0.1588146890523113,0.6012622497047464,0.7942355599770363,16.492026894514414
0.6439999537295634,-1.5045313190911027,-0.277817071364522,0.3545647029156079,-10.852721756539507
0.4564592539400432,-0.23021526549264967,-0.5742814347438978,-1.2848585681995988,5.12142464123129
-0.5454588443181267,-0.15187638225040692,0.6354015945447913,-0.4671379007341307,2.201921337077981
1.0027929983216897,-0.8238582852437624,0.1709715913187591,0.7661313315476371,5.382022875930849
1.1229607024060146,1.276950697419997,-0.03472142998154886,-0.3396597011954973,-9.485562091046939
0.7557646646294465,1.0198531330557528,-1.5676147747418834,0.5698324721595335,-19.53365499296158
0.43734697564124847,-1.486123897423602,1.9162508597886596,-0.12131257601882875,3.782289339512733
-0.08182539152633651,-1.2121019748481396,0.5127230590389303,0.833691646015011,14.41964508345421
-0.4923379036574969,0.49339264524423215,-2.311512357336682,-0.2622813577489275,8.154520466943392
-0.1440063155300757,0.1824146712463921,-0.7378600580091893,0.7170983197679971,-13.341970602746567
1.7088550499300024,2.0274983464064213,-1.0612588888308927,-1.5090244153649068,-16.697022781767668
-0.49966484554129437,0.03507134621479376,-1.4194869762129896,-0.6572167868314164,-7.998037281638491
-0.22713063143386827,1.2325197080740755,1.2546691218777715,0.09393031700892898,7.763118680209862
-1.0924727572645918,-0.7669002143919743,-1.774940496255263,0.3266213909621832,-22.49810577014133
-1.2270522776825428,0.899376946187078,-1.3654807224980978,-0.7950772915234062,-31.798482788402886
-0.010916724520638167,0.0019108247629261463,1.1478982661045245,1.3930969645201692,16.509281333424234
-0.6059240986935643,1.0994836159499046,0.25534551754361157,1.391755120640509,2.1233853950107617
-0.9067176551288684,1.787738879294257,0.1322451513448683,-0.8443513898420024,15.372355110593663
-2.2093468805541483,-0.3318024987033297,2.138027116263575,0.4684091818489734,32.91542509338473
0.22185924994646772,-0.11673914329095257,-2.1316849244949947,0.24256122518583142,-24.322360752919167
-0.5642035774476297,-0.3522304923727749,-0.326688940768447,-0.351374318289122,-6.824800176666125
-0.7493672540982572,-0.8317323533282049,2.0091704534054,-0.6288254235872647,32.40169282830459
-0.3589201133485642,0.5856045865537778,-0.7557964428765492,-0.13418615073607218,-14.528785280681488
0.8899020055623961,0.9864834483839141,0.20059352675502992,-0.5210208169840076,-10.318392752096715
-0.2999373228180298,-2.7737531469627066,0.21363827569609803,0.380105778060337,-11.172697140805937
-0.7342461120496514,1.045984745138344,-0.925892608092949,-0.6194677879399133,-14.615324291908731
1.045731934367859,-0.14599347443193036,1.8284776083884045,-0.7970567476008282,-4.768150961873097
0.3510543269595426,1.251327278955843,0.23092358076074976,-0.19305207348713113,-4.758526998055662
1.2052075194441845,-1.2353146898114042,1.024896674451297,0.4500286695990925,16.89950139827947
-2.5134641189948517,-1.204699173238076,-0.828381427038871,0.38064811083268013,-3.060578668929652
-1.2760704909631149,-0.42166982967585415,0.17040131168349046,-0.676835878436362,1.4743119351507457
-0.5812532022995849,0.1434913094982799,0.3451044930705558,-0.44052588086588007,3.4637038479550495
-1.0346276951887896,-0.5251989874420896,0.0665451476669918,-0.4928332254018656,-7.164118417457132
-0.10172795079910257,1.5825090989445154,-1.1178951702082085,-0.929875597565091,-30.213547231006697
0.37597430734255644,-0.9143228446441145,-0.5081156488217674,0.13896029497660714,-15.50835297893868
-0.5003515612659362,0.6989586057422329,-0.927734352197188,0.5631691357724317,-13.030335614555385
-1.164593864252688,-2.067199058361333,0.3444984494333301,0.4556100433345771,4.900502349500011
0.13981629492597658,0.1604631532506755,-1.5785317752979862,-1.2542835033742963,-0.8277030277331985
-0.5982387263584185,-0.3373221544450845,1.130285210587733,-0.27132189777436766,9.3300730879712
-0.7603426632977466,0.2073865308814201,0.03696801464734497,-0.1138604070343251,-1.3611855804769588
0.07350358267716524,-0.9497916955889772,-0.32170858205957104,-0.0910325739283641,-5.4791466010686465
-0.5739615608540535,0.7295591256405436,0.9093224962518003,-0.8724058416797027,6.757601950257129
-0.13819823144168206,-0.40374003640475475,-0.767113385359993,-0.5859401627205191,-7.881508941629246
-0.17399280153566185,0.17614565202662544,-0.9954868243014806,0.8842797399622319,-18.958288172350194
-1.2734698852049116,-2.539122898644334,1.9335300085786147,0.8513014428299808,35.34381319768433
-1.649020148862758,-0.30145599143888013,-0.530578202559732,-0.8069287542211031,9.859687726539725
1.0456444442284956,-1.8831159618094375,-0.6314623569197871,0.9968870084834289,9.028042834634519
0.7677699168130778,0.37252765912228897,1.875014116721359,0.1655714896945963,-1.2888102120640035
-0.6913887170405942,-0.23012884017667032,1.4620267077797602,0.8512631674787237,-0.7566432461917483
0.31327019349655555,-1.3762265398175069,0.5494335985912318,-0.2995881175066395,16.059118003709575
-1.7479666948551,-1.2132589393292432,-0.6062382312178409,1.959764631944083,-3.8111094626519897
-0.11093705328680951,0.7348577502861693,0.15817951618183482,-1.0742813692456716,-5.525820119525531
0.6002209396797495,-0.025669403182480635,-1.0069953695551994,-0.05325463929799156,0.24863965358585993
-1.3371447406029513,0.6650664369398723,0.08821991790397996,0.7824781924446598,0.019043348480685562
-0.40466085602396856,-2.3304345794889514,0.5462022211089469,0.08123844930296709,13.854257034772631
-1.5144067654827016,0.16882911180197152,0.9203525802553021,0.4714999626935183,14.280272189131644
0.2522361124776649,0.11760276220505222,0.29901409809782387,-1.7542887117535295,13.610198985858203
-0.5103383274635604,-0.3353762510029175,0.6466203034880198,-1.1585317636768746,16.29423341777181
-1.1571564624565567,-0.35475946121732255,0.21110903640628853,-0.3316710698739096,-21.02768288285002
-0.47626361591978067,0.9019976351763552,0.6567674066417221,-0.471388448049988,6.424250260812557
-0.4768244772729008,-0.04062549496139049,-2.026270570573291,0.5950038349306228,-48.26354342071181
0.4215532369726745,-0.5282080619796375,-0.3916002037810662,1.4905105196711588,-12.016066644479865
0.11259132070662789,-1.1277602342960589,0.2778518375953131,-0.16360067395738348,-0.38828027899834927
-0.011652766602080665,-2.374262381072473,-1.1610476214369707,0.9651806999779834,4.205591112678965
-0.5671993380255816,-0.3614002478474182,-0.8764763775658589,-0.9702977857657755,-25.22267921568743
-1.3797508348020509,-0.7449600899710436,1.0164080423938506,-0.8253866204500537,11.462951816861672
0.2999501772232445,0.18028732517082424,-0.22475620653117748,2.2489972120062522,-0.134401894171293
-1.3762682308869385,0.45911123802581033,0.480089667408739,-0.7368722331259477,16.067504564222254
-0.2960007591840347,1.2670633804249585,-0.4382442812395661,-0.18546479934143903,14.974862555080673
0.2565277148124005,-1.9342836078441061,-0.5662791973260572,-0.9599673154635979,-12.742960336123295
1.4349198657117719,0.6975331091683143,0.494906223240235,0.6172607781676644,4.973337091346603
-0.7052256841557705,-0.9359697679057193,0.5220913900392619,0.7769963394538255,-1.5033972620830447
0.430873496550834,-0.9681384780705918,0.6381205543432417,0.2391359356236276,4.067749320617235
-0.018912736696071058,-0.49690438112147084,1.876276016273115,-0.020297233167647238,6.612352199760476
-0.747073676472117,2.3782764170424264,-0.5713517188062538,-0.13954103259090586,2.782611039774207
-0.34825809084632475,-0.9337839262381316,2.053122508901047,1.4899549356506658,33.19104593284314
0.09436728902038839,-0.33506478777649706,1.044880944602468,0.6390268263728529,0.15494409225257577
0.3809174772758862,1.3326124690485532,0.31655000841894937,0.13160103529127776,2.5450915372931773
-1.2397031681860338,0.7422775691916521,-1.6949257515120888,0.037833455766751706,-29.706437611049715
-1.649645682866732,0.35706949785503805,-0.025939831732696598,1.1344277379208014,0.8932256367348962
0.4295818519093274,0.7363560715365215,-0.7671005424911262,0.8462625069161579,-17.76063232236472
1.6256490159227626,-0.6887841967831665,-1.161370410166855,-0.6526593570667379,-7.25090288295107
0.08626207876338067,1.4696799563463854,0.5690066603675724,0.8007722827756554,0.7959216193434537
-1.2542500746743461,0.3003922490434749,0.815800586639743,-2.1200921403205237,-1.0831500613813052
-1.0436076638143195,0.3898415623576035,-0.13887306256877158,-0.054326311071218734,-2.523623590954702
-0.8794431411454314,-0.07180962755125127,0.39875027613872827,-1.547120173696806,-1.4146810778075674
0.6045433797490037,0.23694725486651702,1.8285706906152643,-0.08139334636829826,4.606019635686906
-0.8281894037565088,2.7847835920974657,-0.024674275744880184,-1.1859276782397454,-5.727311330171715
-1.11257483688104,-0.6953079265471374,0.49160271219202517,-0.30289840912778665,5.069010353550133
-1.3064402231502035,-0.8827422162738386,-1.0776318161748595,-1.6346439451915773,-18.411283785329143
-0.8220972316784718,-0.7329101452910117,-0.8684508646768418,-0.05556632059288713,9.801721467768989
0.8803294494538051,0.9461631217960759,0.5170536447530313,-0.012134441655156626,-0.5786168140611121
0.2605284550218993,-0.3219973092614893,-0.7768142648554074,0.640580023998849,14.907423232690874
-0.8112590234917484,-0.15021959759533587,-0.0830962178711369,1.8506674974553279,-0.23196457069186838
-1.2932801420781541,-1.6287018736377505,0.5488069723971262,-1.8596067930635385,-11.662735098890469
0.3735349399164913,0.3829798360401983,-0.18228425265476667,-0.25491389133283554,-1.6328592266141069
-0.32120490127728196,0.47240324625118724,0.4195203869367467,1.8204435438423736,9.790286239087722
-1.0186462361440594,0.32792087065425257,0.059673095863646955,-1.4265685956570002,8.143089930163637
0.2958813892254121,0.35033386599629934,-0.7529782111576163,-0.601590886828202,-14.66596869121171
-2.5169511941764187,-0.9404392081754925,-0.5844176025795498,0.3776546047595506,-8.896768772103453
-0.03430173748854068,0.5420295505703148,1.162533041938025,0.948767418633238,20.725978141602845
-0.4270960195687797,0.9965003765202497,-1.1772843185561697,0.31551270169875884,2.012728844721959
1.2466933168373546,-0.8984775747750152,-0.10802661012307653,0.6129427794291699,4.101259862046347
0.20913499969952876,-0.12808194676523632,1.472983443242953,-0.9817000797039245,20.285320268938595
-1.0351956686881216,1.3020893169270185,-0.3198438872746092,-0.069310063004361,-8.424971908436024
-1.0441552376757135,0.9507139984343916,0.3275683064620749,0.24312050586668696,14.530671729164736
-0.45152479201202717,-1.7683265982867842,-0.5380044132401447,-0.33560126381806016,11.567514470714427
-1.3606889659466839,1.0082735639396925,-0.6810828212345676,-1.3169188834872312,-31.40463737673324
-0.6220286822936698,2.1551671669550485,0.15977998901158427,-0.6427126976274005,9.962618465263624
1.0663572239915788,1.4694246755172404,0.342483877853266,-0.48178747152098433,5.212490930513566
-0.8736629431991694,-0.8743952901873071,0.9606604579234818,-1.5143283154017615,4.096117694304297
1.2450014059158891,-1.0158125131044522,-1.2987480454486153,0.6914602116950321,-0.9248753167407084
0.2656108661824293,-1.0915279380844254,-0.4442799080575582,0.2356764200497656,-2.535201158544091
0.3520047472258085,-0.7717445340058234,1.3818541945990963,-0.9822947358130216,-3.6104766855436132
1.6103676035811212,0.8603208597440354,-0.8735332418460026,-0.033214352816088574,-12.810162166373061
1.2825972785390403,0.3333719883899573,-0.22707137511708617,0.019380719484243178,-3.2975553487339226
-1.555197313171154,0.16949196073462058,-0.5104284167861242,0.8090352402301629,1.4369726644480094
1.582559414588856,-1.0043433651949945,2.0282604828597766,-0.6796362291086033,19.901328716353888
-1.5432834098816375,-1.0079526812343447,-0.033547597238992866,0.21379380551401092,-21.807328435128117
-0.2507519508160401,0.054250566473135045,0.2154561813970373,1.002036354017222,7.707259029508467
-0.11572961772559244,-0.7187557539296079,0.4134824844044314,1.0154379269884903,1.3805799590062886
2.946678669007599,0.14217041773848543,0.21934476352797314,-1.265481118960831,-11.784214797696576
1.7341262026523334,-0.4293459972827518,0.29056035627426546,-1.788942885194284,11.808081548995494
0.7168823247301483,-0.4798771845967792,-0.4099588410663578,0.33248816516611607,-1.7763950093200909
-1.858262462845952,-0.038860445198039384,2.45878711083748,0.27566828430769874,18.162711394579695
0.9419594227410918,0.08825571285060389,1.0442284351575783,0.651572567208594,2.8286182692912814
-0.33889260238623103,-0.42799706611789673,0.4685277184235833,-0.3872685421479194,-5.361058288055128
1.6440334800336671,-0.704750226888685,-0.9957688544247996,-0.04284799021463476,-14.601641019138885
1.7233245014199075,-1.1632232008015815,-1.0152104243723343,-0.10113635933806243,4.208698110893092
0.750709790646845,-0.17351054295870538,-0.7365757995080586,1.8149624716024142,-16.01831693943889
1.7473726124508653,-1.969374507408458,0.42590859869957587,1.4477165204036897,24.458208364543026
-0.840579222906492,-0.631952366862769,0.35602881074277914,0.6821314278835132,15.021294564655264
0.2271137115882088,-0.4517022118845542,-1.119389492803991,-0.7642836782844453,-18.865159035075163
0.7189198658419106,-0.41254283811701276,-0.13894413988445878,-1.1135112292702491,-18.90594038309331
-0.24782600869778326,-0.8344709082938212,1.9183377652066038,-0.8024690097929547,26.039589570420507
0.4456546718732646,0.7434925811274986,-1.8630539000893414,0.16008311499953518,-26.421172296225286
0.23313705077121563,-0.22974822503523626,0.959243364804033,-0.7189714247679261,20.48069224563631
-0.5317309559889225,0.008136174541041943,-0.42982568840687196,0.7060962100936599,11.305893518459737
-0.7736842215887443,-0.6279187176847565,0.24733852072732257,-0.9753530886683663,5.203255583817857
-0.20377470067618517,-0.6303873835004377,-0.8229642494028607,-0.059205871810033645,-7.117505282404834
-0.8055769019898731,-0.06295413655117457,0.35685088880959615,0.29767704036000187,10.319026794558752
2.379804660319339,1.22311500714266,0.25427984102493845,2.4090990287408447,24.584196726328976
-0.1705529619797802,1.877980349865126,0.5267614773646817,0.21358542167100592,11.3511754521655
-0.6557354474216835,-0.9379751213061279,-1.0156428491575893,-1.0370401443860688,5.746670317676115
0.18766091913295174,1.9960058158829976,-0.04007311571972283,-0.8894027447492375,-9.066172140898239
0.8719397430092067,-2.254445542095338,0.27566530229762976,-0.09290348701408799,21.783181334609598
-0.05257357598612216,0.160047236111126,-0.4048967379291462,1.7308132555570455,-27.300960488211732
-0.027196518314814906,1.0564609249661636,2.551338895581447,-0.300699416827585,13.04557065947098
-0.04022684298351468,1.096464690719553,0.6637658436858092,1.7516574215618224,4.7155459006972995
-0.9110070285377743,0.5300575909789413,-0.4195059680234734,1.6962594831462428,1.8831709369750667
-0.04461666548228761,0.12875689806587773,-0.8496159180037152,0.9364495588645333,8.67301020436696
-0.7963410108934362,0.7227330850455014,-1.3653038402953845,-0.22639037910091606,-33.18595714151279
1.2705432746501997,0.03368487624491321,2.3970190888279235,-0.8298402858137526,18.602121738860436
-1.3386413345457095,0.4770893029289011,0.6438393838195313,-0.5090944319211496,-5.067780877506667
0.5980912845104954,-0.6959329464573144,0.9638615147670747,0.09187657337726424,13.137431738615145
-0.16849376561101487,0.06921398961750667,2.155984894573428,-1.2167018966258807,16.51795205925304
-1.1069700836409027,0.47717903888259694,-1.165369386189205,-0.3060257371279796,-2.470739912569927
1.1618286286115693,1.374398134284045,0.2418017330944328,0.5799105908640828,-4.574310238966843
-0.03885364064566399,-0.03674383759727547,0.019601868095635373,-0.3228357344670554,7.168569942096154
0.11999003542615534,0.09537141665115956,1.068525821229405,-2.5567117990908717,1.9801772955667625
1.0531738218069897,-0.04400373251607135,0.4267234708559815,0.08109234846405278,28.036345440942597
-0.9299961965102505,-1.2701323123891322,-0.19869391201230685,1.4222143660630004,20.848915641128553
0.6337497362438829,-0.6317430800536238,-0.49103849333382227,-1.4230850266028878,-6.799620172064108
3.147471479844023,-0.4398843818849172,-1.7971306401388065,-2.0782662120594995,-15.02757044335528
0.4425686767114936,0.3527030170783157,-2.036287560311807,-0.13427270425719293,-30.42513360967096
-0.1654788081127178,-1.5539085688176184,-0.4413691476137162,-0.03152811498800666,3.346994225287849
0.15381276826949725,0.43556251991466044,-0.05296091383893673,0.9722013079275075,-15.77356164739771
-1.0585552929603401,0.41193662396244946,1.3407909943935676,1.0887609415937023,21.398501378600862
-1.1393860708232355,-0.3106883971640733,-1.2023040217211753,1.8204826881923049,1.4236787626463645
1.1025170814459377,-0.8995854155036693,-0.8192712563424043,1.2668103044838483,2.6271189096869803
0.3650801294039265,-0.802454877508782,0.7801498962654361,0.7774533742790175,1.1098049418444482
0.17081888692441177,1.4282067280053061,1.2596060744492152,1.1694689775697806,16.2923382810828
-0.3619288750678058,0.5889214157079078,0.9209184095597719,-0.06348905787202576,8.097967613145194
-0.18765805722530035,0.849243050170295,-0.4497024786715121,0.7580506398943689,-7.863470299586346
-1.525914808740903,0.20737381295882484,-0.6243406233438087,-0.18391024691632188,12.716652447468176
1.0181143275497988,2.4258762091649606,0.4287165025194212,0.3279791948520061,-0.7410763938148084
0.6949301157193107,0.20498424627884634,-0.8694199325757718,-0.6509788639083284,7.739337769821099
-0.002336526181195639,1.355859456198437,0.16067290174871515,0.6356100260470314,-3.4235868353503864
-0.030242118703121424,1.071378499110087,0.3079825342304576,-0.22943685614642462,-5.776032685738744
-0.40030599455107213,-0.29576438691651724,0.5172189009054156,-2.370959830932407,3.148736171491235
1.5034938106699447,0.13846405668344347,0.251616634776435,1.0810297491398684,2.248006220722294
-0.6824023653741166,-1.5242355376206773,0.9597685790337566,-1.4564412003417886,6.744782955997673
-0.8296405985904035,-0.5847312243791102,-1.0598829826448406,-0.003994955934020216,2.9076943420712276
0.7242071053411365,1.5010871959331513,-0.27937394189786996,-0.5633794070888919,4.2137216234453625
-0.897484009367121,-1.5225885421966148,1.080592333103632,-0.43139096647439507,-10.147820440355892
0.8142321074023575,0.11427552693563715,-0.49886544961066137,0.15751132072972548,-8.95546294015401
1.0312488050536548,0.30179025681081156,-0.5556263261993618,-1.0333799209291246,-0.31208614335402096
0.696800499780822,-1.7833172147068035,-2.343722506834917,0.6620849756435462,-21.848521779689285
0.3384889157614048,0.3258398155628726,-0.7983954133486145,0.3896418684687405,-18.483110379264346
0.8462015123022005,0.13680049517787368,0.8632767552064913,2.442560509782702,8.939933643528263
1.3264535209189263,0.45878594226312513,0.5808872203747639,-0.35979594938624754,9.844385093150922
1.626558921833007,0.5406379491002079,0.3938068154722582,1.379140328518592,-7.7623946177933165
-0.7882986779272653,0.19703710701175403,-1.2475063184581006,-1.3577304362540448,-22.023083961504298
0.9349012997689516,2.754099235808547,0.40854349550907276,-0.12059916817952575,-5.615959500277147
0.06283858610919701,-0.03355375956693046,-0.5760682602595292,0.28247877160151014,-11.307121022830428
0.556388433366989,1.1476515016293076,-1.584507014249729,0.9627687386165025,-12.55177568542504
0.6239058451580423,1.3790565881354795,0.2342093709714285,-0.5632631543223307,14.47346234275833
0.09278276063123637,-0.903750113576175,0.6471066395706342,1.1862419563582218,-8.227969571588655
0.38767192577622905,1.6763156814691769,-0.5339823820887027,-0.09308156953808816,-0.7925596720728718
-1.2043570124858547,-0.3865744028752021,-1.8540708170718347,0.36632622224648687,-20.425738694230944
0.2386441042631954,0.10040942783658276,1.6491812665146184,-2.959887177605691,21.00070109798817
-0.02404059754934921,-1.2636825951218194,0.6720534341411276,1.7526991199253175,-3.5457141184017056
1.4092005403596102,-0.353788123501978,0.37550480957602334,-0.8431693541981584,16.017459573899636
0.5150612299918007,-1.455355562460168,0.22218357766002553,-0.3976958553389827,24.90446764267511
-0.5724682378953482,-0.23027403259268556,-1.5702164053895444,1.4375345439181737,-7.786252534664312
1.0681863891298093,-0.4081093844171652,0.7483999100446921,-0.09799947487350857,9.660898352659915
1.2713178688923519,3.010281031951944,-0.20789951562084713,-1.27804653203025,9.521488800362054
2.0485929493827704,1.4479546193831874,0.061269409155433795,1.1113010717523968,9.01306291803357
0.250483778841597,0.5914492608600275,-0.7391064419168982,0.5810098297328631,0.517738906495862
-0.33794041051157975,-0.14134058114099285,-2.068682411205178,-0.420211932594891,-19.667334447885477
1.6209210159479284,-1.1564928827485927,0.4915111312223912,-1.0027113400903693,7.304889338150737
-0.4233132687019925,-1.107941319416488,0.4881914270349611,0.17269878205376757,-13.422124165862705
-0.7571649583930452,-0.0372966062206003,2.1618665206884766,-0.4471762008746096,4.671840368554831
0.7497714998093321,0.8520173568023264,-0.6511783368194918,0.23595000227303461,-7.05978839484054
-0.5116689891941782,1.8557401405615281,0.34690951442586443,0.31266435052307096,3.439335158539052
0.4714943912248684,0.64935528605696,-0.6883956542815497,1.4258815503083775,-3.1966089767599675
0.7985248776943551,-0.4625357944259448,-0.41915818846196135,1.8278553997428968,-4.772843036586805
-1.0038726508324785,-0.4644143044863083,-0.32358967838742575,1.5760713347497084,-3.7593183903587244
0.5461193268354638,0.6203218340992538,-0.32654967661225576,0.18992084764053588,9.062756377395226
-1.103315807389021,-0.4690196976661098,-1.0175587506658899,0.7658823220516225,-18.18552724070077
-0.6708292207916716,-0.9948437505439248,0.9218249695716452,-0.9073639020647871,7.84922236149272
0.5911422164051295,0.5074571584777847,-0.042629683851065615,-1.4131388329367676,3.2109212490783365
-0.45517172905125797,-0.3431715770781796,-1.512700685000715,1.1031883948597163,-13.192254347601814
-0.36282668631184,0.10789647617850137,-0.22904336877345663,1.1712797103292147,7.144616130540502
0.7468605223430443,-0.24638304453152055,1.6673910359524142,0.25002372227526093,25.778638567027244
-0.3820709225769842,0.9388848756999325,0.20353525729202862,1.312739497758291,-15.88097952358081
-0.38503011043739205,-1.8572944477413293,0.8224022430623489,0.8095239575942813,-7.872786613998094
-0.24748841412685452,0.28581426413807065,-2.1698614969253205,-0.8475012297166422,-28.02026370073407
0.6026730841370882,-0.7637501240004587,0.9284744778004225,0.4532645624044411,3.34444885173653
-0.12723420002580035,-0.8239882550983089,-1.750478949376978,1.5216004228008195,-1.9204845810426683
0.14410608346615475,1.9228849850544236,0.5741690419273644,0.5805754837323716,7.369445746650854
-0.9333601991335876,0.5359571002319412,-1.2839808276247477,1.2634709126315276,-15.56469100345037
0.6555091578849694,-0.37534411105932564,-0.9210874718405988,1.3735187608144626,5.217218165070475
1.301949170341649,1.9589956323433593,-1.128891755676676,0.3026286374441088,-2.6145274326442145
-0.18788255879975962,-2.433968973790235,0.5669056864308125,-0.9155230136657408,23.051624540862406
1.0501377356618293,-0.3666761759980568,-0.3686602458970687,0.28502420759649333,-12.523255992630428
-0.6897201428200149,0.5474616602146649,0.18445267077045618,0.14296535695363152,-10.781397345721205
-0.9599529005473606,-0.630693869213653,1.0872449888300781,0.11278723959551744,13.502493746571929
0.6613785952020148,0.8575993489452602,1.129241319143666,-0.7484862055933235,5.965411756228168
0.270300672607185,-2.4518528278183456,0.3158005865311468,-1.662381175792254,1.0138910091181454
-0.6609274496324583,0.7811703455918373,0.019988608518337368,0.9852267698228878,3.2955918912807514
-0.16992049559641367,0.36170141544521234,0.24852271255234284,0.4003754564754586,-19.753022457286953
1.2069857245913673,-1.2189881978291637,-0.5099350359444377,0.5588424402541644,-9.265151882438488
1.1352661072649888,-0.0035315256746737433,-0.5584495933976265,-0.6578708937651713,5.607711657195171
0.6918894359027317,-0.6010487928558754,-1.0774782240225436,-1.0778100984518852,0.00884876297861048
1.3900925475790924,2.7923490829892677,0.3243248977548964,1.755263287752209,13.996265632360094
0.20791253736318313,-0.7505408373235783,-0.055019102021388704,0.34877017920007974,11.767793049956923
0.7985830541243081,-0.9651894061039928,-1.4780445053464184,-0.6570983865913766,-16.690209138448374
1.1227950025804325,-0.526162851421367,-0.7664224851472291,1.1360990752311022,-6.244807414219156
0.4852524866897087,-0.11742386756747462,0.9001513897091694,0.6100947887412076,-8.570573247330126
1.6439651724659177,-1.072587202502281,-0.7161020065796243,0.3339472266667407,-1.4051050038426407
0.4278676864320363,-1.3712737794074348,-0.5191075908183166,1.923531669284781,-5.807243621129631
-2.255468828703033,-1.3544632583802652,0.8145907492225899,-0.25897876309256096,-2.6138812831195253
3.1037265502963076,0.20396099278593433,-1.0022647369675437,0.2367876580338639,-15.21444087760361
0.08783495733625701,1.9128547846122361,-0.2366162002164549,-0.27373868848769656,-2.4076242483895416
-0.19659740636194697,-1.1537260986269144,-0.6435565388187491,0.6428112448686031,-18.690409035669923
-0.6198887340268623,1.2145024958424293,-0.19005157980674955,0.3287672260231659,-4.570283765687619
1.0727567444953738,0.38960399099067045,0.04332236415393075,-1.2070169019957195,4.421110128237143
-0.4558050047233639,-0.1377920744087149,1.0141675045178893,1.1448670277751543,9.255752455590217
0.012489246750862455,0.30874165462722203,0.9901542982612563,0.36245220484814994,-10.086401647352204
0.2019528469824294,-0.3141643780182164,0.9756609408885201,-0.2508785336480849,14.916456748012571
-0.43041163653124376,0.41839095833729767,0.18319150163394426,-1.4904918020035416,-2.306243321842256
-0.13564366381523882,-0.6889314442005449,0.6550549905020344,0.44777802437378195,19.32802552870121
0.4125165352037972,-1.2879954894399748,1.2430522856247663,0.3825496977447135,0.828747751020984
-2.2154150830368176,-0.5350328179292699,1.1853971698095276,1.1323707078949086,-4.088815909100811
-0.6041491421564857,-0.37197333313505665,0.20661994882029552,-0.7870771533222609,-0.001023993036539439
0.4886713134029177,-0.8718476602531011,0.48360461693071244,-0.10832626584407207,-4.158845750064213
-1.2570877962386542,0.1325714051332083,0.7441562060028746,-1.348531179225991,-3.736270529123816
1.627028203499369,1.2508808593809875,1.562197690266581,-1.3497605275971438,31.969748526139924
1.4140407086500624,-1.0437524534931302,-1.0746829487756615,1.0485555458827873,-2.9365209401128665
-0.16997691568950496,0.2067069868184619,0.5134748283585403,0.9722857041007037,3.1168906969772228
-0.049517127477619126,-0.2492083579979734,2.179409534085615,0.9884958194790675,21.179535436594165
0.2710981386886698,1.559737238366487,0.5286251165562169,-0.9326956079792361,11.786747425313372
1.37266444187799,0.5704285436396589,0.26580099676546165,-1.3444787815672543,-9.753643050539939
-1.1554465279763195,0.9691478721579896,-0.10779773813549216,1.499865387415551,-8.311759397955258
0.36296811457531125,0.7873523264324845,0.9320621186447418,0.556137844888199,12.90708686281026
0.4304624297570289,0.04491815796478711,0.2944723083667049,1.7012533281756277,-3.384457887018983
1.0603892899652538,0.7220897785071084,-0.36351101758210863,-1.4865500906282385,-8.658891842600426
0.7557332977885749,0.6418445281759039,-0.5501397063279806,1.4695102960261435,-16.915487466132305
1.0447700898842662,-1.3875981178644718,-0.9647647534424701,1.0446707611599246,-2.9270478074627873
-2.2022957650077606,0.4340242890251355,-0.02966779957125473,0.30723467494246115,-8.818031252587451
0.40332200803818835,0.09731011248113929,0.051531794561147204,-0.29625358716642736,26.289701974540485
1.6021413788796435,-0.720270699593312,-0.8982542287282923,0.6079119601962142,-11.889424397623248
0.08290868142906987,0.012358075807644106,1.2647354851678927,0.20362633225784904,12.105051900798712
0.3380422285752955,0.45090036614797796,-0.6313749507364778,-0.5718450254499702,4.019187719083079
-3.6481830724922606,0.0728848800831251,0.5971634174904787,-1.4523500579204245,-10.655561607018708
0.01924684560803043,0.13956775824503131,1.3589803361285069,-0.738886374612702,3.9428174928876043
-1.2564096792518757,1.8060237711429574,-1.9737846654420945,0.1791635339459827,-30.11738959369089
1.0705459992642619,-0.8864313961452001,0.5011025956330516,-1.8360794265037361,-12.148410471408734
-1.8074658274949424,0.5174400550594116,-0.9527308721910576,0.5253351125641862,4.112641716683072
-0.7045770499088424,1.1263570255820357,-2.055584037111127,-3.2825860331037187,0.5560284934958766
-0.049005049862010035,-0.6637093034553343,-1.1681377058646922,-0.2480050310145602,-0.9989170781856984
-0.1832295002443643,0.782507538184596,-1.8405250660684755,-0.08797214413099053,-13.802470145722873
0.7581355620353448,0.518347530491189,0.27386097348957755,-1.8021211586423327,12.218779684335898
0.6057965331761453,-0.7427906420490075,0.327926356505389,-1.2565272200025237,0.3367836011937029
-2.2814530315755897,0.8468851489841275,-0.0991071599349255,-0.7438731941407338,4.274396555999861
0.2730119253467132,1.043615581113645,-0.48575875800697166,-2.6805717306701085,0.5962352794154908
1.319113388450651,1.9466718084976509,-2.3429947440714654,1.5644464096293795,-16.74362278055481
0.15776970236149543,-0.4809340830938943,-0.5914633771121506,0.3390011650230049,-14.469888287053372
-0.04395366758105842,0.3113186440567353,0.007266566042212654,1.1220573838439452,2.084825232568762
0.6045110553299141,1.742734435868939,0.003101960094147746,0.003121794994779269,6.276274732789297
1.1989967744948897,0.22191761036287808,-0.7239943683285295,0.016675460143983103,-16.483897175718553
0.5826205668815181,0.716392842389825,-0.37096153622891537,0.35270322173664465,-8.416863829664514
0.41172810469634263,-1.0298773290044174,0.5331624011232947,0.7831009718558238,10.810479703471344
-1.2078725660745406,0.7269623396976109,-0.4558145771670508,0.7831896071132869,-4.8046174866661495
1.043533554676342,0.31784319855780213,1.612430116613903,0.31509211374889934,27.651168389639057
-2.6726911616900524,0.17691495813381095,0.7312268158062493,-0.029703262375800715,2.822228670646524
-1.4714597106539784,0.23609761033041662,2.145560698100325,0.7290158402446535,-4.46411021124586
-1.169205249380583,-0.7730483325704757,-0.09080006734235377,0.1643521175812377,7.243663348610688
1.2928944539368294,1.0201132799246684,0.6437450611499421,0.36518708720460763,8.456921982852826
0.8457524804627292,-1.27201529583677,0.02179960841577458,-0.619876723218414,1.3644745910073068
1.5468134988818578,0.3617625235328736,2.8187666111446266,0.8632413099787983,19.82503974401063
0.8998075168355357,0.3099446888960508,0.8801123109583707,-1.0575624191049238,13.625803899970608
-0.16744182992655698,-0.535215844368964,0.6338278341123014,-0.5552566135672989,16.561216523398244
1.3884120815214689,1.2835567425983614,-0.4187035259456078,0.42858602687497127,5.666398242564414
0.3306838538159945,-0.2755553387515706,1.4545281724020547,-1.1673499149093196,24.933922597861876
0.9400668583198293,-2.054260593680223,-0.794035147453407,-0.31020426713860794,-12.468582682359866
-0.4943682405512794,0.26910674826196546,-1.462337284126173,-0.7378998680123603,-8.63163165246862
0.8565867470307833,0.4807495983581579,-0.08400506493134534,-0.6038096277464102,-9.633166622366485
-1.453737038663588,-0.9123982648622304,-0.3740721257561562,0.8148246223330454,1.4975931256109964
0.7489602648609637,1.5276585908084819,-0.5779440249794874,-0.0910441094890025,7.119410592975908
-0.9530790778668716,1.5967042918813927,-1.1518832944704096,-2.378333759798956,-15.964146142073918
-0.46309831397177487,0.7817793249133865,0.010208978233959979,0.9176630754780911,-1.215142897198861
0.5537287066034559,-0.2740053051454254,-0.04521405235241324,0.9189860534502742,-14.191561740011734
-0.8342269003382193,1.0315561954159622,-0.12178478004011471,-1.784991915841375,1.6608913994992573
-0.24525267969875209,-1.1380627799691612,0.8051755512802723,1.164469117980843,-7.8937686585549205

